data;taxaCompra;taxaVenda;puCompra;puVenda;puBase
13/11/2003;0,006100;0,006900;1772,37;1765,96;1764,69
14/11/2003;0,006000;0,006800;1774,43;1768,02;1766,75
17/11/2003;0,005900;0,006700;1776,49;1770,08;1768,81
18/11/2003;0,005600;0,006400;1780,17;1773,74;1772,47
19/11/2003;0,005600;0,006400;1781,42;1775,00;1773,73
20/11/2003;0,005300;0,006100;1785,01;1778,57;1777,39
21/11/2003;0,004800;0,005600;1790,21;1783,76;1782,58
24/11/2003;0,004200;0,005000;1796,24;1789,77;1788,59
25/11/2003;0,004000;0,004800;1799,03;1792,56;1791,38
26/11/2003;0,002800;0,003600;1809,97;1803,45;1802,27
27/11/2003;0,002700;0,003500;1811,95;1805,43;1804,25
28/11/2003;0,002700;0,003500;1813,12;1806,60;1805,42
01/12/2003;0,002600;0,003400;1815,11;1808,59;1807,41
02/12/2003;0,002400;0,003200;1817,91;1811,38;1810,20
03/12/2003;0,002100;0,002900;1821,54;1815,00;1813,82
04/12/2003;0,002200;0,003000;1821,89;1815,36;1814,18
05/12/2003;0,002200;0,003000;1823,06;1816,53;1815,35
08/12/2003;0,002100;0,002900;1825,05;1818,52;1817,34
09/12/2003;0,002100;0,002900;1826,22;1819,69;1818,51
10/12/2003;0,002100;0,002900;1827,40;1820,87;1819,68
11/12/2003;0,002100;0,002900;1828,57;1822,05;1820,86
12/12/2003;0,002000;0,002800;1830,56;1824,03;1822,85
15/12/2003;0,002000;0,002800;1831,74;1825,21;1824,02
16/12/2003;0,002000;0,002800;1832,91;1826,38;1825,20
17/12/2003;0,002000;0,002800;1834,08;1827,56;1826,37
18/12/2003;0,002000;0,002800;1835,20;1828,68;1827,55
19/12/2003;0,001900;0,002700;1837,13;1830,60;1829,48
22/12/2003;0,001800;0,002600;1839,06;1832,54;1831,41
23/12/2003;0,001700;0,002500;1841,00;1834,47;1833,34
24/12/2003;0,001700;0,002500;1842,12;1835,59;1834,46
26/12/2003;0,001700;0,002500;1843,23;1836,71;1835,58
29/12/2003;0,001700;0,002500;1844,35;1837,83;1836,70
30/12/2003;0,001700;0,002500;1845,48;1838,96;1837,82
31/12/2003;0,001700;0,002500;1846,60;1840,08;1838,95
02/01/2004;0,001700;0,002500;1847,72;1841,20;1840,07
05/01/2004;0,001600;0,002400;1849,66;1843,14;1842,00
06/01/2004;0,001500;0,002300;1851,59;1845,08;1843,94
07/01/2004;0,001400;0,002200;1853,53;1847,01;1845,88
08/01/2004;0,001000;0,001800;1857,93;1851,39;1850,26
09/01/2004;0,000900;0,001700;1859,87;1853,34;1852,20
12/01/2004;0,000800;0,001600;1861,81;1855,28;1854,14
13/01/2004;0,000700;0,001500;1863,75;1857,21;1856,08
14/01/2004;0,000600;0,001400;1865,69;1859,16;1858,02
15/01/2004;0,000600;0,001400;1866,82;1860,28;1859,14
16/01/2004;0,000600;0,001400;1867,94;1861,41;1860,27
19/01/2004;0,000500;0,001300;1869,88;1863,35;1862,21
20/01/2004;0,000400;0,001200;1871,83;1865,29;1864,15
21/01/2004;0,000300;0,001100;1873,77;1867,23;1866,09
22/01/2004;0,000200;0,001000;1875,71;1869,17;1868,03
23/01/2004;0,000200;0,001000;1876,84;1870,30;1869,16
26/01/2004;0,000200;0,001000;1877,97;1871,43;1870,29
27/01/2004;0,000200;0,001000;1879,10;1872,56;1871,42
28/01/2004;0,000200;0,001000;1880,23;1873,70;1872,55
29/01/2004;0,000200;0,001000;1881,36;1874,83;1873,68
30/01/2004;0,000300;0,001100;1881,67;1875,15;1874,00
02/02/2004;0,000300;0,001100;1882,80;1876,28;1875,13
03/02/2004;0,000500;0,001300;1882,30;1875,78;1874,64
04/02/2004;0,000500;0,001300;1883,43;1876,92;1875,77
05/02/2004;0,000600;0,001400;1883,74;1877,24;1876,09
06/02/2004;0,000600;0,001400;1884,88;1878,37;1877,22
09/02/2004;0,000600;0,001400;1886,01;1879,51;1878,36
10/02/2004;0,000700;0,001500;1886,33;1879,83;1878,68
11/02/2004;0,000500;0,001300;1889,09;1882,59;1881,44
12/02/2004;0,000500;0,001300;1890,22;1883,72;1882,57
13/02/2004;0,000400;0,001200;1892,17;1885,67;1884,52
16/02/2004;0,000400;0,001200;1893,31;1886,81;1885,66
17/02/2004;0,000400;0,001200;1894,45;1887,96;1886,80
18/02/2004;0,000400;0,001200;1895,59;1889,10;1887,94
19/02/2004;0,000400;0,001200;1896,73;1890,24;1889,09
20/02/2004;0,000500;0,001300;1897,06;1890,58;1889,42
25/02/2004;0,000500;0,001300;1898,20;1891,72;1890,56
26/02/2004;0,000500;0,001300;1899,35;1892,86;1891,71
27/02/2004;0,000500;0,001300;1900,49;1894,01;1892,85
01/03/2004;0,000500;0,001300;1901,63;1895,16;1894,00
02/03/2004;0,000500;0,001300;1902,78;1896,30;1895,14
03/03/2004;0,000500;0,001300;1903,92;1897,45;1896,29
04/03/2004;0,000500;0,001300;1905,06;1898,59;1897,43
05/03/2004;0,000500;0,001300;1906,21;1899,74;1898,58
08/03/2004;0,000500;0,001300;1907,35;1900,89;1899,72
09/03/2004;0,000500;0,001300;1908,50;1902,03;1900,87
10/03/2004;0,000600;0,001400;1908,84;1902,38;1901,21
11/03/2004;0,000600;0,001400;1909,99;1903,53;1902,36
12/03/2004;0,000700;0,001500;1910,32;1903,87;1902,71
15/03/2004;0,000700;0,001500;1911,47;1905,02;1903,86
16/03/2004;0,000700;0,001500;1912,62;1906,17;1905,00
17/03/2004;0,000800;0,001600;1912,96;1906,52;1905,35
18/03/2004;0,000800;0,001600;1914,09;1907,65;1906,50
19/03/2004;0,000800;0,001600;1915,23;1908,79;1907,64
22/03/2004;0,000800;0,001600;1916,36;1909,93;1908,78
23/03/2004;0,000800;0,001600;1917,51;1911,07;1909,92
24/03/2004;0,000800;0,001600;1918,65;1912,22;1911,06
25/03/2004;0,000800;0,001600;1919,79;1913,36;1912,21
26/03/2004;0,000800;0,001600;1920,94;1914,51;1913,35
29/03/2004;0,000900;0,001700;1921,28;1914,86;1913,70
30/03/2004;0,000900;0,001700;1922,42;1916,00;1914,85
31/03/2004;0,001000;0,001800;1922,76;1916,35;1915,19
01/04/2004;0,001100;0,001900;1923,11;1916,70;1915,54
02/04/2004;0,001200;0,002000;1923,45;1917,05;1915,89
05/04/2004;0,001300;0,002100;1923,80;1917,40;1916,24
06/04/2004;0,001500;0,002300;1923,35;1916,96;1915,80
07/04/2004;0,002900;0,003700;1913,34;1907,00;1905,84
08/04/2004;0,003100;0,003900;1912,91;1906,58;1905,41
12/04/2004;0,003100;0,003900;1914,07;1907,74;1906,57
13/04/2004;0,003200;0,004000;1914,43;1908,11;1906,94
14/04/2004;0,003100;0,003900;1916,38;1910,06;1908,89
15/04/2004;0,003100;0,003900;1917,52;1911,20;1910,05
16/04/2004;0,003500;0,004300;1915,50;1909,20;1908,04
19/04/2004;0,003600;0,004400;1915,86;1909,56;1908,40
20/04/2004;0,003500;0,004300;1917,80;1911,49;1910,34
22/04/2004;0,003500;0,004300;1918,95;1912,64;1911,49
23/04/2004;0,003500;0,004300;1920,09;1913,79;1912,64
26/04/2004;0,003500;0,004300;1921,24;1914,95;1913,79
27/04/2004;0,003500;0,004300;1922,39;1916,10;1914,94
28/04/2004;0,003600;0,004400;1922,75;1916,46;1915,30
29/04/2004;0,003700;0,004500;1923,11;1916,83;1915,66
30/04/2004;0,003900;0,004700;1922,69;1916,41;1915,25
03/05/2004;0,004100;0,004900;1922,27;1916,00;1914,84
04/05/2004;0,004300;0,005100;1921,85;1915,59;1914,42
05/05/2004;0,004900;0,005700;1918,31;1912,07;1910,90
06/05/2004;0,005000;0,005800;1918,68;1912,45;1911,28
07/05/2004;0,005100;0,005900;1919,05;1912,83;1911,66
10/05/2004;0,005200;0,006000;1919,43;1913,21;1912,04
11/05/2004;0,005400;0,006200;1919,02;1912,81;1911,64
12/05/2004;0,005400;0,006200;1920,18;1913,97;1912,80
13/05/2004;0,005400;0,006200;1921,33;1915,12;1913,95
14/05/2004;0,005300;0,006100;1923,27;1917,06;1915,88
17/05/2004;0,005300;0,006100;1924,42;1918,22;1917,04
18/05/2004;0,005200;0,006000;1926,36;1920,15;1918,98
19/05/2004;0,005200;0,006000;1927,52;1921,31;1920,14
20/05/2004;0,005100;0,005900;1929,45;1923,25;1922,07
21/05/2004;0,005000;0,005800;1931,39;1925,18;1924,01
24/05/2004;0,004900;0,005700;1933,33;1927,12;1925,95
25/05/2004;0,004900;0,005700;1934,49;1928,29;1927,11
26/05/2004;0,004800;0,005600;1936,43;1930,23;1929,05
27/05/2004;0,004700;0,005500;1938,37;1932,17;1930,99
28/05/2004;0,004700;0,005500;1939,54;1933,34;1932,16
31/05/2004;0,004600;0,005400;1941,48;1935,28;1934,09
01/06/2004;0,004600;0,005400;1942,64;1936,44;1935,26
02/06/2004;0,004500;0,005300;1944,59;1938,38;1937,20
03/06/2004;0,004500;0,005300;1945,75;1939,55;1938,37
04/06/2004;0,004300;0,005100;1948,47;1942,26;1941,08
07/06/2004;0,004200;0,005000;1950,41;1944,21;1943,02
08/06/2004;0,004200;0,005000;1951,58;1945,38;1944,20
09/06/2004;0,004200;0,005000;1952,75;1946,55;1945,37
11/06/2004;0,004200;0,005000;1953,92;1947,73;1946,54
14/06/2004;0,004300;0,005100;1954,32;1948,13;1946,94
15/06/2004;0,004200;0,005000;1956,26;1950,07;1948,89
16/06/2004;0,004200;0,005000;1957,44;1951,25;1950,06
17/06/2004;0,004100;0,004900;1959,38;1953,19;1952,01
18/06/2004;0,004100;0,004900;1960,55;1954,37;1953,18
21/06/2004;0,004000;0,004800;1962,50;1956,31;1955,13
22/06/2004;0,003900;0,004700;1964,45;1958,26;1957,08
23/06/2004;0,003900;0,004700;1965,63;1959,44;1958,25
24/06/2004;0,003900;0,004700;1966,80;1960,62;1959,43
25/06/2004;0,003800;0,004600;1968,75;1962,57;1961,38
28/06/2004;0,003800;0,004600;1969,93;1963,75;1962,56
29/06/2004;0,003800;0,004600;1971,10;1964,93;1963,73
30/06/2004;0,003700;0,004500;1973,06;1966,88;1965,69
01/07/2004;0,003700;0,004500;1974,23;1968,06;1966,86
02/07/2004;0,003500;0,004300;1976,96;1970,78;1969,59
05/07/2004;0,003400;0,004200;1978,91;1972,73;1971,54
06/07/2004;0,003300;0,004100;1980,87;1974,69;1973,49
07/07/2004;0,003300;0,004100;1982,05;1975,87;1974,67
08/07/2004;0,003300;0,004100;1983,23;1977,05;1975,85
09/07/2004;0,003300;0,004100;1984,40;1978,23;1977,03
12/07/2004;0,003300;0,004100;1985,58;1979,41;1978,22
13/07/2004;0,003300;0,004100;1986,76;1980,60;1979,40
14/07/2004;0,003300;0,004100;1987,94;1981,78;1980,58
15/07/2004;0,003300;0,004100;1989,13;1982,96;1981,76
16/07/2004;0,003300;0,004100;1990,31;1984,15;1982,95
19/07/2004;0,003300;0,004100;1991,49;1985,33;1984,13
20/07/2004;0,003300;0,004100;1992,67;1986,52;1985,32
21/07/2004;0,003300;0,004100;1993,86;1987,71;1986,50
22/07/2004;0,003400;0,004200;1994,27;1988,12;1986,92
23/07/2004;0,003400;0,004200;1995,46;1989,31;1988,11
26/07/2004;0,003500;0,004300;1995,87;1989,73;1988,53
27/07/2004;0,003500;0,004300;1997,06;1990,92;1989,72
28/07/2004;0,003500;0,004300;1998,24;1992,11;1990,91
29/07/2004;0,003600;0,004400;1998,67;1992,54;1991,33
30/07/2004;0,003600;0,004400;1999,86;1993,73;1992,52
02/08/2004;0,003600;0,004400;2001,05;1994,93;1993,72
03/08/2004;0,003600;0,004400;2002,25;1996,13;1994,92
04/08/2004;0,003600;0,004400;2003,44;1997,33;1996,11
05/08/2004;0,003600;0,004400;2004,64;1998,53;1997,32
06/08/2004;0,003600;0,004400;2005,84;1999,73;1998,52
09/08/2004;0,003700;0,004500;2006,27;2000,17;1998,96
10/08/2004;0,003700;0,004500;2007,48;2001,37;2000,16
11/08/2004;0,003700;0,004500;2008,68;2002,58;2001,36
12/08/2004;0,003700;0,004500;2009,88;2003,79;2002,57
13/08/2004;0,003700;0,004500;2011,09;2005,00;2003,78
16/08/2004;0,003700;0,004500;2012,29;2006,20;2004,99
17/08/2004;0,003700;0,004500;2013,50;2007,41;2006,19
18/08/2004;0,003700;0,004500;2014,71;2008,62;2007,41
19/08/2004;0,003700;0,004500;2015,92;2009,83;2008,61
20/08/2004;0,003700;0,004500;2017,12;2011,04;2009,82
23/08/2004;0,003700;0,004500;2018,33;2012,25;2011,03
24/08/2004;0,003700;0,004500;2019,54;2013,46;2012,24
25/08/2004;0,003700;0,004500;2020,75;2014,67;2013,45
26/08/2004;0,003700;0,004500;2021,96;2015,89;2014,66
27/08/2004;0,003700;0,004500;2023,17;2017,10;2015,88
30/08/2004;0,003700;0,004500;2024,38;2018,32;2017,09
31/08/2004;0,003700;0,004500;2025,60;2019,54;2018,31
01/09/2004;0,003700;0,004500;2026,81;2020,75;2019,53
02/09/2004;0,003700;0,004500;2028,03;2021,98;2020,75
03/09/2004;0,003700;0,004500;2029,25;2023,20;2021,97
06/09/2004;0,003700;0,004500;2030,47;2024,42;2023,19
08/09/2004;0,003700;0,004500;2031,69;2025,64;2024,41
09/09/2004;0,003700;0,004500;2032,91;2026,87;2025,64
10/09/2004;0,003700;0,004500;2034,13;2028,09;2026,86
13/09/2004;0,003700;0,004500;2035,36;2029,32;2028,09
14/09/2004;0,003700;0,004500;2036,58;2030,55;2029,32
15/09/2004;0,003600;0,004400;2038,57;2032,53;2031,30
16/09/2004;0,003700;0,004500;2039,06;2033,03;2031,78
17/09/2004;0,003700;0,004500;2040,31;2034,28;2033,02
20/09/2004;0,003700;0,004500;2041,55;2035,53;2034,27
21/09/2004;0,003700;0,004500;2042,80;2036,78;2035,53
22/09/2004;0,003800;0,004600;2043,30;2037,28;2036,03
23/09/2004;0,004000;0,004800;2043,04;2037,03;2035,78
24/09/2004;0,004000;0,004800;2044,30;2038,29;2037,03
27/09/2004;0,004100;0,004900;2044,80;2038,80;2037,54
28/09/2004;0,004100;0,004900;2046,05;2040,06;2038,80
29/09/2004;0,004200;0,005000;2046,56;2040,57;2039,31
30/09/2004;0,004100;0,004900;2048,57;2042,57;2041,31
01/10/2004;0,004100;0,004900;2049,82;2043,83;2042,57
04/10/2004;0,004000;0,004800;2051,83;2045,84;2044,58
05/10/2004;0,004000;0,004800;2053,09;2047,10;2045,84
06/10/2004;0,004000;0,004800;2054,34;2048,36;2047,10
07/10/2004;0,003900;0,004700;2056,35;2050,36;2049,10
08/10/2004;0,003800;0,004600;2058,36;2052,37;2051,11
11/10/2004;0,003800;0,004600;2059,62;2053,64;2052,37
13/10/2004;0,003700;0,004500;2061,63;2055,65;2054,38
14/10/2004;0,003700;0,004500;2062,89;2056,91;2055,65
15/10/2004;0,003800;0,004600;2063,41;2057,43;2056,17
18/10/2004;0,003800;0,004600;2064,67;2058,70;2057,43
19/10/2004;0,003800;0,004600;2065,93;2059,96;2058,70
20/10/2004;0,003800;0,004600;2067,20;2061,23;2059,96
21/10/2004;0,003800;0,004600;2068,50;2062,54;2061,23
22/10/2004;0,003800;0,004600;2069,80;2063,84;2062,54
25/10/2004;0,003700;0,004500;2071,85;2065,89;2064,59
26/10/2004;0,003700;0,004500;2073,15;2067,20;2065,89
27/10/2004;0,003700;0,004500;2074,46;2068,50;2067,20
28/10/2004;0,003700;0,004500;2075,76;2069,81;2068,50
29/10/2004;0,003700;0,004500;2077,07;2071,12;2069,81
01/11/2004;0,003800;0,004600;2077,63;2071,69;2070,38
03/11/2004;0,003800;0,004600;2078,94;2073,00;2071,69
04/11/2004;0,003700;0,004500;2080,99;2075,05;2073,74
05/11/2004;0,003700;0,004500;2082,30;2076,36;2075,05
08/11/2004;0,003700;0,004500;2083,61;2077,67;2076,36
09/11/2004;0,003700;0,004500;2084,92;2078,99;2077,67
10/11/2004;0,003700;0,004500;2086,23;2080,30;2078,99
11/11/2004;0,003700;0,004500;2087,54;2081,62;2080,30
12/11/2004;0,003700;0,004500;2088,86;2082,93;2081,62
16/11/2004;0,003700;0,004500;2090,17;2084,25;2082,93
17/11/2004;0,003700;0,004500;2091,48;2085,57;2084,25
18/11/2004;0,003700;0,004500;2092,84;2086,92;2085,57
19/11/2004;0,003700;0,004500;2094,19;2088,28;2086,92
22/11/2004;0,003700;0,004500;2095,54;2089,63;2088,28
23/11/2004;0,003700;0,004500;2096,89;2090,99;2089,63
24/11/2004;0,003700;0,004500;2098,25;2092,35;2090,99
25/11/2004;0,003700;0,004500;2099,60;2093,70;2092,34
26/11/2004;0,003700;0,004500;2100,96;2095,06;2093,70
29/11/2004;0,003700;0,004500;2102,31;2096,42;2095,06
30/11/2004;0,003700;0,004500;2103,67;2097,78;2096,42
01/12/2004;0,003700;0,004500;2105,03;2099,14;2097,78
02/12/2004;0,003700;0,004500;2106,39;2100,50;2099,14
03/12/2004;0,003700;0,004500;2107,75;2101,87;2100,50
06/12/2004;0,003700;0,004500;2109,11;2103,23;2101,86
07/12/2004;0,003700;0,004500;2110,47;2104,59;2103,23
08/12/2004;0,003700;0,004500;2111,83;2105,96;2104,59
09/12/2004;0,003700;0,004500;2113,20;2107,33;2105,96
10/12/2004;0,003700;0,004500;2114,56;2108,69;2107,33
13/12/2004;0,003700;0,004500;2115,93;2110,06;2108,69
14/12/2004;0,003700;0,004500;2117,30;2111,43;2110,06
15/12/2004;0,003700;0,004500;2118,66;2112,80;2111,43
16/12/2004;0,003700;0,004500;2120,07;2114,21;2112,80
17/12/2004;0,003600;0,004400;2122,21;2116,35;2114,94
20/12/2004;0,003600;0,004400;2123,62;2117,76;2116,35
21/12/2004;0,003500;0,004300;2125,75;2119,90;2118,49
22/12/2004;0,003500;0,004300;2127,16;2121,31;2119,90
23/12/2004;0,003500;0,004300;2128,60;2122,76;2121,31
24/12/2004;0,003500;0,004300;2129,98;2124,13;2122,72
27/12/2004;0,003500;0,004300;2131,39;2125,55;2124,13
28/12/2004;0,003500;0,004300;2132,80;2126,96;2125,55
29/12/2004;0,003400;0,004200;2134,94;2129,11;2127,69
30/12/2004;0,003400;0,004200;2136,39;2130,56;2129,11
31/12/2004;0,003300;0,004100;2138,50;2132,67;2131,25
03/01/2005;0,003300;0,004100;2139,92;2134,08;2132,67
04/01/2005;0,003300;0,004100;2141,33;2135,50;2134,08
05/01/2005;0,003200;0,004000;2143,48;2137,65;2136,23
06/01/2005;0,003100;0,003900;2145,62;2139,80;2138,37
07/01/2005;0,003100;0,003900;2147,04;2141,22;2139,80
10/01/2005;0,003000;0,003800;2149,19;2143,36;2141,94
11/01/2005;0,003000;0,003800;2150,61;2144,79;2143,36
12/01/2005;0,002900;0,003700;2152,76;2146,94;2145,51
13/01/2005;0,002900;0,003700;2154,18;2148,36;2146,93
14/01/2005;0,002900;0,003700;2155,60;2149,78;2148,36
17/01/2005;0,002900;0,003700;2157,02;2151,21;2149,78
18/01/2005;0,002900;0,003700;2158,45;2152,63;2151,21
19/01/2005;0,002800;0,003600;2160,60;2154,79;2153,36
20/01/2005;0,002800;0,003600;2162,06;2156,25;2154,79
21/01/2005;0,002800;0,003600;2163,52;2157,72;2156,25
24/01/2005;0,002800;0,003600;2164,98;2159,18;2157,71
25/01/2005;0,002800;0,003600;2166,45;2160,65;2159,18
26/01/2005;0,002800;0,003600;2167,91;2162,12;2160,65
27/01/2005;0,002800;0,003600;2169,38;2163,58;2162,11
28/01/2005;0,002800;0,003600;2170,85;2165,05;2163,58
31/01/2005;0,002800;0,003600;2172,31;2166,52;2165,05
01/02/2005;0,002800;0,003600;2173,78;2168,00;2166,52
02/02/2005;0,002800;0,003600;2175,25;2169,47;2168,00
03/02/2005;0,002800;0,003600;2176,72;2170,95;2169,47
04/02/2005;0,002800;0,003600;2178,20;2172,42;2170,95
09/02/2005;0,002800;0,003600;2179,67;2173,90;2172,42
10/02/2005;0,002800;0,003600;2181,14;2175,37;2173,90
11/02/2005;0,002800;0,003600;2182,62;2176,85;2175,37
14/02/2005;0,002800;0,003600;2184,10;2178,33;2176,85
15/02/2005;0,002800;0,003600;2185,57;2179,81;2178,33
16/02/2005;0,002800;0,003600;2187,05;2181,30;2179,81
17/02/2005;0,002700;0,003500;2189,29;2183,53;2182,02
18/02/2005;0,002700;0,003500;2190,81;2185,05;2183,53
21/02/2005;0,002700;0,003500;2192,33;2186,58;2185,05
22/02/2005;0,002700;0,003500;2193,85;2188,10;2186,58
23/02/2005;0,002700;0,003500;2195,37;2189,62;2188,10
24/02/2005;0,002700;0,003500;2196,89;2191,14;2189,62
25/02/2005;0,002700;0,003500;2198,41;2192,67;2191,14
28/02/2005;0,002700;0,003500;2199,93;2194,20;2192,67
01/03/2005;0,002700;0,003500;2201,46;2195,72;2194,19
02/03/2005;0,002700;0,003500;2202,98;2197,25;2195,72
03/03/2005;0,002700;0,003500;2204,51;2198,78;2197,25
04/03/2005;0,002600;0,003400;2206,75;2201,02;2199,49
07/03/2005;0,002700;0,003500;2207,56;2201,84;2200,31
08/03/2005;0,002600;0,003400;2209,81;2204,09;2202,55
09/03/2005;0,002600;0,003400;2211,34;2205,62;2204,09
10/03/2005;0,002600;0,003400;2212,87;2207,15;2205,62
11/03/2005;0,002600;0,003400;2214,40;2208,69;2207,15
14/03/2005;0,002600;0,003400;2215,93;2210,22;2208,69
15/03/2005;0,002600;0,003400;2217,47;2211,76;2210,22
16/03/2005;0,002600;0,003400;2219,00;2213,30;2211,76
17/03/2005;0,002600;0,003400;2220,58;2214,88;2213,30
18/03/2005;0,002600;0,003400;2222,15;2216,45;2214,88
21/03/2005;0,002600;0,003400;2223,73;2218,03;2216,45
22/03/2005;0,002600;0,003400;2225,30;2219,61;2218,03
23/03/2005;0,002600;0,003400;2226,88;2221,19;2219,61
24/03/2005;0,002600;0,003400;2228,46;2222,77;2221,19
28/03/2005;0,002600;0,003400;2230,04;2224,36;2222,77
29/03/2005;0,002600;0,003400;2231,62;2225,94;2224,36
30/03/2005;0,002600;0,003400;2233,20;2227,53;2225,94
31/03/2005;0,002600;0,003400;2234,79;2229,11;2227,53
01/04/2005;0,002600;0,003400;2236,37;2230,70;2229,11
04/04/2005;0,002600;0,003400;2237,96;2232,29;2230,70
05/04/2005;0,002600;0,003400;2239,54;2233,88;2232,29
06/04/2005;0,002600;0,003400;2241,13;2235,47;2233,88
07/04/2005;0,002600;0,003400;2242,72;2237,06;2235,47
08/04/2005;0,002600;0,003400;2244,31;2238,65;2237,06
11/04/2005;0,002600;0,003400;2245,90;2240,25;2238,65
12/04/2005;0,002600;0,003400;2247,49;2241,84;2240,25
13/04/2005;0,002600;0,003400;2249,08;2243,44;2241,84
14/04/2005;0,002700;0,003500;2249,97;2244,33;2242,73
15/04/2005;0,002700;0,003500;2251,57;2245,93;2244,33
18/04/2005;0,002700;0,003500;2253,17;2247,53;2245,93
19/04/2005;0,002700;0,003500;2254,76;2249,13;2247,53
20/04/2005;0,002700;0,003500;2256,36;2250,74;2249,13
22/04/2005;0,002700;0,003500;2257,98;2252,36;2250,73
25/04/2005;0,002700;0,003500;2259,60;2253,98;2252,36
26/04/2005;0,002700;0,003500;2261,22;2255,61;2253,98
27/04/2005;0,002700;0,003500;2262,85;2257,23;2255,60
28/04/2005;0,002700;0,003500;2264,47;2258,86;2257,23
29/04/2005;0,002700;0,003500;2266,10;2260,49;2258,86
02/05/2005;0,002700;0,003500;2267,72;2262,12;2260,49
03/05/2005;0,003000;0,003400;2267,25;2264,45;2262,82
04/05/2005;0,003100;0,003500;2268,18;2265,38;2263,75
05/05/2005;0,003100;0,003500;2269,81;2267,02;2265,38
06/05/2005;0,003100;0,003500;2271,44;2268,65;2267,02
09/05/2005;0,003000;0,003400;2273,78;2270,99;2269,35
10/05/2005;0,003100;0,003500;2274,72;2271,93;2270,29
11/05/2005;0,003100;0,003500;2276,36;2273,57;2271,93
12/05/2005;0,003000;0,003400;2278,69;2275,90;2274,26
13/05/2005;0,003100;0,003500;2279,64;2276,85;2275,21
16/05/2005;0,003000;0,003400;2281,97;2279,19;2277,55
17/05/2005;0,003100;0,003500;2282,92;2280,14;2278,49
18/05/2005;0,003000;0,003400;2285,26;2282,48;2280,83
19/05/2005;0,003100;0,003500;2286,23;2283,45;2281,78
20/05/2005;0,003000;0,003400;2288,59;2285,81;2284,14
23/05/2005;0,003000;0,003400;2290,25;2287,47;2285,81
24/05/2005;0,003000;0,003400;2291,92;2289,14;2287,47
25/05/2005;0,003000;0,003400;2293,58;2290,81;2289,14
27/05/2005;0,003000;0,003400;2295,25;2292,48;2290,81
30/05/2005;0,003000;0,003400;2296,92;2294,15;2292,48
31/05/2005;0,003100;0,003500;2297,90;2295,13;2293,46
01/06/2005;0,003100;0,003500;2299,57;2296,81;2295,13
02/06/2005;0,003100;0,003500;2301,25;2298,48;2296,77
03/06/2005;0,003100;0,003500;2302,92;2300,16;2298,48
06/06/2005;0,003000;0,003400;2305,29;2302,53;2300,85
07/06/2005;0,003100;0,003500;2306,28;2303,52;2301,84
08/06/2005;0,003100;0,003500;2307,95;2305,20;2303,52
09/06/2005;0,003000;0,003400;2310,32;2307,57;2305,88
10/06/2005;0,003000;0,003400;2312,00;2309,25;2307,57
13/06/2005;0,003100;0,003500;2313,00;2310,24;2308,56
14/06/2005;0,003100;0,003500;2314,68;2311,93;2310,24
15/06/2005;0,003100;0,003500;2316,37;2313,61;2311,93
16/06/2005;0,003000;0,003400;2318,74;2315,99;2314,30
17/06/2005;0,003100;0,003500;2319,74;2316,99;2315,30
20/06/2005;0,003000;0,003300;2322,11;2320,05;2318,36
21/06/2005;0,003100;0,003400;2323,11;2321,05;2319,36
22/06/2005;0,003000;0,003300;2325,49;2323,43;2321,74
23/06/2005;0,003000;0,003300;2327,18;2325,12;2323,43
24/06/2005;0,003000;0,003300;2328,87;2326,82;2325,12
27/06/2005;0,003000;0,003300;2330,56;2328,51;2326,82
28/06/2005;0,003000;0,003300;2332,26;2330,21;2328,51
29/06/2005;0,003000;0,003300;2333,96;2331,90;2330,21
30/06/2005;0,002700;0,003000;2337,70;2335,65;2333,95
01/07/2005;0,002700;0,003000;2339,40;2337,35;2335,65
04/07/2005;0,002700;0,003000;2341,10;2339,05;2337,35
05/07/2005;0,002600;0,002900;2343,48;2341,43;2339,73
06/07/2005;0,002600;0,002900;2345,18;2343,13;2341,43
07/07/2005;0,002500;0,002800;2347,56;2345,51;2343,81
08/07/2005;0,002500;0,002800;2349,26;2347,21;2345,51
11/07/2005;0,002400;0,002700;2351,65;2349,60;2347,90
12/07/2005;0,002400;0,002700;2353,35;2351,30;2349,60
13/07/2005;0,002300;0,002600;2355,73;2353,69;2351,98
14/07/2005;0,002300;0,002600;2357,44;2355,40;2353,69
15/07/2005;0,002300;0,002600;2359,15;2357,10;2355,39
18/07/2005;0,002300;0,002600;2360,85;2358,81;2357,10
19/07/2005;0,002300;0,002600;2362,56;2360,52;2358,81
20/07/2005;0,002200;0,002500;2364,95;2362,91;2361,20
21/07/2005;0,002200;0,002500;2366,66;2364,62;2362,91
22/07/2005;0,002200;0,002500;2368,37;2366,34;2364,62
25/07/2005;0,002300;0,002600;2369,41;2367,37;2365,66
26/07/2005;0,002300;0,002600;2371,12;2369,09;2367,37
27/07/2005;0,002300;0,002600;2372,84;2370,81;2369,09
28/07/2005;0,002300;0,002600;2374,55;2372,52;2370,80
29/07/2005;0,002400;0,002700;2375,59;2373,57;2371,85
01/08/2005;0,002400;0,002700;2377,32;2375,29;2373,57
02/08/2005;0,002500;0,002800;2378,36;2376,34;2374,62
03/08/2005;0,002500;0,002800;2380,09;2378,07;2376,34
04/08/2005;0,002500;0,002800;2381,82;2379,80;2378,07
05/08/2005;0,002500;0,002800;2383,55;2381,53;2379,80
08/08/2005;0,002500;0,002800;2385,28;2383,26;2381,53
09/08/2005;0,002500;0,002800;2387,01;2384,99;2383,26
10/08/2005;0,002500;0,002800;2388,74;2386,72;2384,99
11/08/2005;0,002500;0,002800;2390,47;2388,46;2386,72
12/08/2005;0,002500;0,002800;2392,21;2390,20;2388,46
15/08/2005;0,002500;0,002800;2393,94;2391,93;2390,20
16/08/2005;0,002600;0,002900;2395,01;2393,00;2391,26
17/08/2005;0,002600;0,002900;2396,75;2394,74;2393,00
18/08/2005;0,002600;0,002900;2398,49;2396,48;2394,74
19/08/2005;0,002600;0,002900;2400,23;2398,22;2396,48
22/08/2005;0,002600;0,002900;2401,97;2399,97;2398,22
23/08/2005;0,002600;0,002900;2403,71;2401,71;2399,97
24/08/2005;0,002700;0,003000;2404,79;2402,79;2401,04
25/08/2005;0,002700;0,003000;2406,54;2404,54;2402,79
26/08/2005;0,002700;0,003000;2408,28;2406,28;2404,54
29/08/2005;0,002700;0,003000;2410,03;2408,03;2406,28
30/08/2005;0,002700;0,003000;2411,78;2409,79;2408,03
31/08/2005;0,002700;0,003000;2413,53;2411,53;2409,78
01/09/2005;0,002700;0,003000;2415,28;2413,29;2411,53
02/09/2005;0,002700;0,003000;2417,03;2415,04;2413,29
05/09/2005;0,002700;0,003000;2418,79;2416,80;2415,04
06/09/2005;0,002700;0,003000;2420,54;2418,55;2416,80
08/09/2005;0,002700;0,003000;2422,30;2420,31;2418,55
09/09/2005;0,002700;0,003000;2424,06;2422,07;2420,31
12/09/2005;0,002700;0,003000;2425,82;2423,83;2422,07
13/09/2005;0,002700;0,003000;2427,58;2425,60;2423,83
14/09/2005;0,002700;0,003000;2429,34;2427,36;2425,60
15/09/2005;0,002700;0,003000;2431,08;2429,10;2427,36
16/09/2005;0,002600;0,002900;2433,49;2431,51;2429,76
19/09/2005;0,002600;0,002900;2435,23;2433,25;2431,51
20/09/2005;0,002600;0,002900;2436,98;2435,01;2433,26
21/09/2005;0,002600;0,002900;2438,73;2436,76;2435,01
22/09/2005;0,002600;0,002900;2440,48;2438,51;2436,76
23/09/2005;0,002600;0,002900;2442,23;2440,26;2438,51
26/09/2005;0,002600;0,002900;2443,98;2442,01;2440,26
27/09/2005;0,002600;0,002900;2445,74;2443,77;2442,01
28/09/2005;0,002600;0,002900;2447,49;2445,53;2443,77
29/09/2005;0,002600;0,002900;2449,25;2447,28;2445,53
30/09/2005;0,002600;0,002900;2451,01;2449,05;2447,29
03/10/2005;0,002500;0,002800;2453,42;2451,46;2449,70
04/10/2005;0,002500;0,002800;2455,18;2453,22;2451,46
05/10/2005;0,002500;0,002800;2456,94;2454,98;2453,22
06/10/2005;0,002500;0,002800;2458,70;2456,74;2454,98
07/10/2005;0,002500;0,002800;2460,46;2458,50;2456,73
10/10/2005;0,002500;0,002800;2462,22;2460,26;2458,50
11/10/2005;0,002500;0,002800;2463,98;2462,02;2460,26
13/10/2005;0,002400;0,002700;2466,39;2464,44;2462,67
14/10/2005;0,002400;0,002700;2468,15;2466,20;2464,43
17/10/2005;0,002400;0,002700;2469,92;2467,97;2466,20
18/10/2005;0,002400;0,002700;2471,69;2469,74;2467,97
19/10/2005;0,002400;0,002700;2473,45;2471,51;2469,73
20/10/2005;0,002400;0,002700;2475,18;2473,24;2471,50
21/10/2005;0,002400;0,002700;2476,91;2474,97;2473,23
24/10/2005;0,002400;0,002700;2478,64;2476,70;2474,96
25/10/2005;0,002300;0,002600;2481,02;2479,08;2477,34
26/10/2005;0,002300;0,002600;2482,75;2480,81;2479,07
27/10/2005;0,002300;0,002600;2484,48;2482,55;2480,80
28/10/2005;0,002300;0,002600;2486,22;2484,28;2482,54
31/10/2005;0,002300;0,002600;2487,95;2486,02;2484,28
01/11/2005;0,002300;0,002600;2489,69;2487,75;2486,01
03/11/2005;0,002200;0,002500;2492,07;2490,14;2488,39
04/11/2005;0,002100;0,002400;2494,45;2492,52;2490,78
07/11/2005;0,002100;0,002400;2496,19;2494,26;2492,52
08/11/2005;0,002000;0,002300;2498,58;2496,65;2494,90
09/11/2005;0,001900;0,002200;2500,97;2499,04;2497,29
10/11/2005;0,001800;0,002100;2503,35;2501,43;2499,68
11/11/2005;0,001800;0,002100;2505,10;2503,18;2501,43
14/11/2005;0,001700;0,002000;2507,49;2505,57;2503,82
16/11/2005;0,001700;0,002000;2509,24;2507,32;2505,57
17/11/2005;0,001600;0,001900;2511,64;2509,71;2507,97
18/11/2005;0,001600;0,001900;2513,39;2511,47;2509,72
21/11/2005;0,001600;0,001900;2515,14;2513,22;2511,47
22/11/2005;0,001600;0,001900;2516,89;2514,97;2513,22
23/11/2005;0,001500;0,001800;2519,28;2517,37;2515,61
24/11/2005;0,001500;0,001800;2520,99;2519,08;2517,36
25/11/2005;0,001500;0,001800;2522,70;2520,79;2519,07
28/11/2005;0,001400;0,001700;2525,05;2523,14;2521,42
29/11/2005;0,001400;0,001700;2526,77;2524,86;2523,14
30/11/2005;0,001300;0,001600;2529,12;2527,21;2525,49
01/12/2005;0,001200;0,001500;2531,47;2529,57;2527,85
02/12/2005;0,001100;0,001400;2533,83;2531,92;2530,20
05/12/2005;0,001000;0,001300;2536,18;2534,28;2532,56
06/12/2005;0,000900;0,001200;2538,53;2536,63;2534,91
07/12/2005;0,000900;0,001200;2540,25;2538,35;2536,63
08/12/2005;0,000900;0,001200;2541,97;2540,07;2538,35
09/12/2005;0,000800;0,001100;2544,33;2542,43;2540,70
12/12/2005;0,000800;0,001100;2546,05;2544,15;2542,42
13/12/2005;0,000700;0,001000;2548,40;2546,51;2544,78
14/12/2005;0,000700;0,001000;2550,13;2548,23;2546,50
15/12/2005;0,000700;0,001000;2551,80;2549,91;2548,23
16/12/2005;0,000700;0,001000;2553,49;2551,60;2549,91
19/12/2005;0,000700;0,001000;2555,18;2553,29;2551,60
20/12/2005;0,000700;0,001000;2556,87;2554,98;2553,29
21/12/2005;0,000600;0,000900;2559,19;2557,30;2555,61
22/12/2005;0,000600;0,000900;2560,88;2558,99;2557,30
23/12/2005;0,000600;0,000900;2562,57;2560,69;2558,99
26/12/2005;0,000600;0,000900;2564,26;2562,38;2560,69
27/12/2005;0,000600;0,000900;2565,95;2564,08;2562,38
28/12/2005;0,000600;0,000900;2567,65;2565,77;2564,08
29/12/2005;0,000600;0,000900;2569,35;2567,48;2565,78
30/12/2005;0,000600;0,000900;2569,35;2567,48;2565,79
02/01/2006;0,000600;0,000900;2572,75;2570,87;2569,18
03/01/2006;0,000600;0,000900;2574,44;2572,57;2570,87
04/01/2006;0,000500;0,000800;2576,76;2574,89;2573,19
05/01/2006;0,000500;0,000800;2578,45;2576,59;2574,89
06/01/2006;0,000500;0,000800;2580,15;2578,29;2576,58
09/01/2006;0,000500;0,000800;2581,85;2579,98;2578,28
10/01/2006;0,000500;0,000800;2583,54;2581,68;2579,98
11/01/2006;0,000500;0,000800;2585,24;2583,38;2581,68
12/01/2006;0,000500;0,000800;2586,94;2585,08;2583,38
13/01/2006;0,000500;0,000800;2588,64;2586,79;2585,08
16/01/2006;0,000400;0,000700;2590,96;2589,11;2587,40
17/01/2006;0,000400;0,000700;2592,66;2590,81;2589,10
18/01/2006;0,000400;0,000700;2594,37;2592,52;2590,81
19/01/2006;0,000300;0,000600;2596,62;2594,77;2593,13
20/01/2006;0,000300;0,000600;2598,26;2596,41;2594,77
23/01/2006;0,000300;0,000600;2599,90;2598,06;2596,41
24/01/2006;0,000300;0,000600;2601,54;2599,70;2598,05
25/01/2006;0,000300;0,000600;2603,19;2601,34;2599,69
26/01/2006;0,000200;0,000500;2605,44;2603,60;2601,95
27/01/2006;0,000200;0,000500;2607,09;2605,25;2603,60
30/01/2006;0,000200;0,000500;2608,74;2606,90;2605,25
31/01/2006;0,000200;0,000500;2610,38;2608,55;2606,90
01/02/2006;0,000200;0,000500;2612,03;2610,20;2608,55
02/02/2006;0,000200;0,000500;2613,68;2611,85;2610,20
03/02/2006;0,000100;0,000400;2615,95;2614,12;2612,46
06/02/2006;0,000100;0,000400;2617,60;2615,77;2614,12
07/02/2006;0,000100;0,000400;2619,26;2617,43;2615,77
08/02/2006;0,000100;0,000400;2620,91;2619,09;2617,43
09/02/2006;0,000100;0,000400;2622,58;2620,75;2619,10
10/02/2006;0,000100;0,000400;2624,24;2622,42;2620,76
13/02/2006;0,000100;0,000400;2625,90;2624,08;2622,42
14/02/2006;0,000100;0,000400;2627,56;2625,75;2624,08
15/02/2006;0,000000;0,000300;2629,83;2628,02;2626,35
16/02/2006;0,000000;0,000300;2631,50;2629,68;2628,02
17/02/2006;0,000000;0,000300;2633,16;2631,35;2629,69
20/02/2006;0,000000;0,000300;2634,83;2633,02;2631,36
21/02/2006;0,000000;0,000300;2636,50;2634,69;2633,02
22/02/2006;0,000000;0,000300;2638,17;2636,36;2634,69
23/02/2006;0,000000;0,000300;2639,84;2638,03;2636,36
24/02/2006;0,000000;0,000300;2641,51;2639,71;2638,04
01/03/2006;0,000000;0,000300;2643,18;2641,38;2639,71
02/03/2006;0,000000;0,000300;2644,85;2643,06;2641,38
03/03/2006;0,000000;0,000300;2646,53;2644,73;2643,06
06/03/2006;0,000000;0,000300;2648,20;2646,41;2644,74
07/03/2006;0,000000;0,000300;2649,88;2648,09;2646,41
08/03/2006;0,000000;0,000300;2651,56;2649,77;2648,09
09/03/2006;0,000000;0,000300;2653,17;2651,38;2649,77
10/03/2006;0,000000;0,000300;2654,78;2652,99;2651,38
13/03/2006;0,000000;0,000300;2656,39;2654,61;2653,00
14/03/2006;0,000000;0,000300;2658,01;2656,23;2654,61
15/03/2006;0,000000;0,000300;2659,62;2657,84;2656,23
16/03/2006;0,000000;0,000300;2661,24;2659,46;2657,85
17/03/2006;0,000000;0,000300;2662,86;2661,08;2659,46
20/03/2006;0,000000;0,000300;2664,47;2662,70;2661,08
21/03/2006;-0,000100;0,000200;2666,68;2664,91;2663,29
22/03/2006;-0,000100;0,000200;2668,30;2666,53;2664,92
23/03/2006;-0,000100;0,000200;2669,92;2668,15;2666,54
24/03/2006;-0,000100;0,000200;2671,54;2669,78;2668,16
27/03/2006;-0,000100;0,000200;2673,16;2671,40;2669,78
28/03/2006;-0,000100;0,000200;2674,79;2673,03;2671,41
29/03/2006;-0,000100;0,000200;2676,41;2674,65;2673,03
30/03/2006;-0,000100;0,000200;2678,04;2676,28;2674,66
31/03/2006;-0,000100;0,000200;2679,66;2677,91;2676,28
03/04/2006;-0,000100;0,000200;2681,29;2679,54;2677,91
04/04/2006;-0,000100;0,000200;2682,91;2681,16;2679,53
05/04/2006;-0,000100;0,000200;2684,53;2682,78;2681,16
06/04/2006;-0,000100;0,000200;2686,15;2684,41;2682,78
07/04/2006;-0,000100;0,000200;2687,78;2686,03;2684,40
10/04/2006;-0,000100;0,000200;2689,40;2687,66;2686,03
11/04/2006;-0,000100;0,000200;2691,02;2689,29;2687,65
12/04/2006;-0,000100;0,000200;2692,65;2690,91;2689,28
13/04/2006;-0,000100;0,000200;2694,28;2692,54;2690,91
17/04/2006;-0,000100;0,000200;2695,90;2694,17;2692,54
18/04/2006;-0,000100;0,000200;2697,53;2695,80;2694,17
19/04/2006;-0,000100;0,000200;2699,16;2697,43;2695,80
20/04/2006;-0,000100;0,000200;2700,72;2699,00;2697,43
24/04/2006;-0,000100;0,000200;2702,28;2700,56;2698,99
25/04/2006;-0,000100;0,000200;2703,85;2702,12;2700,55
26/04/2006;-0,000100;0,000200;2705,41;2703,69;2702,12
27/04/2006;-0,000100;0,000200;2706,97;2705,25;2703,68
28/04/2006;-0,000100;0,000200;2708,54;2706,82;2705,25
02/05/2006;-0,000100;0,000200;2710,10;2708,39;2706,81
03/05/2006;-0,000100;0,000200;2711,67;2709,96;2708,38
04/05/2006;-0,000100;0,000200;2713,24;2711,53;2709,96
05/05/2006;-0,000100;0,000200;2714,81;2713,11;2711,53
08/05/2006;-0,000100;0,000200;2716,39;2714,68;2713,11
09/05/2006;-0,000100;0,000200;2717,96;2716,26;2714,68
10/05/2006;-0,000100;0,000200;2719,54;2717,84;2716,26
11/05/2006;-0,000100;0,000200;2721,12;2719,42;2717,84
12/05/2006;-0,000100;0,000200;2722,69;2721,00;2719,42
15/05/2006;-0,000100;0,000200;2724,27;2722,58;2721,00
16/05/2006;-0,000100;0,000200;2725,85;2724,16;2722,58
17/05/2006;-0,000100;0,000200;2727,43;2725,75;2724,16
18/05/2006;-0,000100;0,000200;2729,01;2727,33;2725,74
19/05/2006;-0,000100;0,000200;2730,59;2728,90;2727,32
22/05/2006;-0,000100;0,000200;2732,16;2730,48;2728,90
23/05/2006;-0,000100;0,000200;2733,74;2732,06;2730,47
24/05/2006;-0,000100;0,000200;2735,32;2733,64;2732,05
25/05/2006;-0,000100;0,000200;2736,89;2735,22;2733,63
26/05/2006;-0,000100;0,000200;2738,48;2736,80;2735,22
29/05/2006;-0,000100;0,000200;2740,06;2738,39;2736,80
30/05/2006;-0,000100;0,000200;2741,64;2739,97;2738,38
31/05/2006;-0,000100;0,000200;2743,22;2741,56;2739,96
01/06/2006;-0,000100;0,000200;2744,76;2743,10;2741,55
02/06/2006;-0,000100;0,000200;2746,29;2744,63;2743,09
05/06/2006;-0,000100;0,000200;2747,83;2746,17;2744,63
06/06/2006;-0,000100;0,000200;2749,37;2747,72;2746,17
07/06/2006;-0,000100;0,000200;2750,91;2749,26;2747,71
08/06/2006;-0,000100;0,000200;2752,45;2750,80;2749,25
09/06/2006;-0,000100;0,000200;2754,00;2752,35;2750,80
12/06/2006;-0,000100;0,000200;2755,54;2753,89;2752,34
13/06/2006;-0,000100;0,000200;2757,08;2755,44;2753,89
14/06/2006;-0,000100;0,000200;2758,63;2756,99;2755,43
16/06/2006;-0,000100;0,000200;2760,18;2758,54;2756,98
19/06/2006;-0,000100;0,000100;2761,72;2760,63;2759,08
20/06/2006;-0,000100;0,000100;2763,27;2762,18;2760,63
21/06/2006;-0,000100;0,000100;2764,82;2763,73;2762,17
22/06/2006;-0,000100;0,000100;2766,37;2765,28;2763,73
23/06/2006;-0,000100;0,000100;2767,92;2766,83;2765,28
26/06/2006;-0,000100;0,000100;2769,47;2768,39;2766,83
27/06/2006;-0,000100;0,000100;2771,02;2769,94;2768,38
28/06/2006;-0,000100;0,000100;2772,58;2771,50;2769,94
29/06/2006;-0,000100;0,000100;2774,13;2773,05;2771,49
30/06/2006;-0,000100;0,000100;2775,69;2774,61;2773,05
03/07/2006;-0,000100;0,000100;2777,24;2776,17;2774,60
04/07/2006;-0,000100;0,000100;2778,80;2777,72;2776,16
05/07/2006;-0,000100;0,000100;2780,36;2779,29;2777,72
06/07/2006;-0,000100;0,000100;2781,92;2780,84;2779,28
07/07/2006;-0,000100;0,000100;2783,48;2782,40;2780,84
10/07/2006;-0,000100;0,000100;2785,03;2783,97;2782,40
11/07/2006;-0,000100;0,000100;2786,60;2785,53;2783,96
12/07/2006;-0,000100;0,000100;2788,16;2787,10;2785,52
13/07/2006;-0,000100;0,000100;2789,72;2788,66;2787,09
14/07/2006;-0,000100;0,000100;2791,29;2790,22;2788,65
17/07/2006;-0,000100;0,000100;2792,85;2791,79;2790,22
18/07/2006;-0,000100;0,000100;2794,41;2793,36;2791,78
19/07/2006;-0,000100;0,000100;2795,98;2794,93;2793,35
20/07/2006;-0,000100;0,000100;2797,50;2796,44;2794,92
21/07/2006;-0,000100;0,000100;2799,02;2797,96;2796,44
24/07/2006;-0,000100;0,000100;2800,53;2799,48;2797,95
25/07/2006;-0,000100;0,000100;2802,06;2801,00;2799,48
26/07/2006;-0,000100;0,000100;2803,57;2802,53;2801,00
27/07/2006;-0,000100;0,000100;2805,10;2804,05;2802,52
28/07/2006;-0,000100;0,000100;2806,62;2805,57;2804,04
31/07/2006;-0,000100;0,000100;2808,14;2807,10;2805,56
01/08/2006;-0,000100;0,000100;2809,66;2808,62;2807,09
02/08/2006;-0,000100;0,000100;2811,19;2810,15;2808,61
03/08/2006;-0,000100;0,000100;2812,71;2811,68;2810,14
04/08/2006;-0,000100;0,000100;2814,24;2813,20;2811,67
07/08/2006;-0,000100;0,000100;2815,77;2814,73;2813,20
08/08/2006;-0,000100;0,000100;2817,30;2816,26;2814,73
09/08/2006;-0,000100;0,000100;2818,82;2817,79;2816,25
10/08/2006;-0,000100;0,000100;2820,35;2819,32;2817,79
11/08/2006;-0,000100;0,000100;2821,89;2820,86;2819,32
14/08/2006;-0,000100;0,000100;2823,42;2822,39;2820,85
15/08/2006;-0,000100;0,000100;2824,95;2823,93;2822,39
16/08/2006;-0,000100;0,000100;2826,49;2825,47;2823,92
17/08/2006;-0,000100;0,000100;2828,02;2827,00;2825,46
18/08/2006;-0,000100;0,000100;2829,56;2828,54;2827,00
21/08/2006;-0,000100;0,000100;2831,10;2830,09;2828,54
22/08/2006;-0,000100;0,000100;2832,65;2831,63;2830,08
23/08/2006;-0,000100;0,000100;2834,18;2833,17;2831,62
24/08/2006;-0,000100;0,000100;2835,73;2834,71;2833,17
25/08/2006;-0,000100;0,000100;2837,27;2836,26;2834,71
28/08/2006;-0,000100;0,000100;2838,81;2837,80;2836,25
29/08/2006;-0,000100;0,000100;2840,35;2839,34;2837,79
30/08/2006;-0,000100;0,000100;2841,90;2840,89;2839,34
31/08/2006;-0,000100;0,000100;2843,39;2842,39;2840,88
01/09/2006;-0,000100;0,000100;2844,89;2843,88;2842,38
04/09/2006;-0,000100;0,000100;2846,38;2845,38;2843,87
05/09/2006;-0,000100;0,000100;2847,88;2846,88;2845,37
06/09/2006;-0,000100;0,000100;2849,38;2848,38;2846,87
08/09/2006;-0,000100;0,000100;2850,87;2849,88;2848,37
11/09/2006;-0,000100;0,000100;2852,37;2851,38;2849,87
12/09/2006;-0,000100;0,000100;2853,87;2852,88;2851,37
13/09/2006;-0,000100;0,000100;2855,37;2854,38;2852,87
14/09/2006;-0,000100;0,000100;2856,87;2855,88;2854,37
15/09/2006;-0,000100;0,000100;2858,37;2857,39;2855,88
18/09/2006;-0,000100;0,000100;2859,88;2858,89;2857,38
19/09/2006;-0,000100;0,000100;2861,38;2860,39;2858,88
20/09/2006;-0,000100;0,000100;2862,88;2861,90;2860,39
21/09/2006;-0,000100;0,000100;2864,39;2863,40;2861,89
22/09/2006;-0,000100;0,000100;2865,89;2864,91;2863,40
25/09/2006;-0,000100;0,000100;2867,40;2866,42;2864,91
26/09/2006;-0,000100;0,000100;2868,90;2867,93;2866,41
27/09/2006;-0,000100;0,000100;2870,41;2869,44;2867,92
28/09/2006;-0,000100;0,000100;2871,92;2870,95;2869,43
29/09/2006;-0,000100;0,000100;2873,43;2872,46;2870,94
02/10/2006;-0,000100;0,000100;2874,94;2873,97;2872,46
03/10/2006;-0,000100;0,000100;2876,45;2875,49;2873,97
04/10/2006;-0,000100;0,000100;2877,96;2877,00;2875,48
05/10/2006;-0,000100;0,000100;2879,48;2878,51;2876,99
06/10/2006;-0,000100;0,000100;2880,99;2880,03;2878,50
09/10/2006;-0,000100;0,000100;2882,50;2881,54;2880,02
10/10/2006;-0,000100;0,000100;2884,01;2883,06;2881,53
11/10/2006;-0,000100;0,000100;2885,53;2884,58;2883,05
13/10/2006;-0,000100;0,000100;2887,05;2886,09;2884,57
16/10/2006;-0,000100;0,000100;2888,56;2887,61;2886,08
17/10/2006;-0,000100;0,000100;2890,08;2889,13;2887,60
18/10/2006;-0,000100;0,000100;2891,60;2890,65;2889,12
19/10/2006;-0,000100;0,000100;2893,07;2892,12;2890,64
20/10/2006;-0,000100;0,000100;2894,54;2893,59;2892,11
23/10/2006;-0,000100;0,000100;2896,00;2895,06;2893,58
24/10/2006;-0,000100;0,000100;2897,48;2896,54;2895,05
25/10/2006;-0,000100;0,000100;2898,95;2898,01;2896,53
26/10/2006;-0,000100;0,000100;2900,42;2899,49;2898,00
27/10/2006;-0,000100;0,000100;2901,90;2900,96;2899,48
30/10/2006;-0,000100;0,000100;2903,37;2902,44;2900,95
31/10/2006;-0,000100;0,000100;2904,85;2903,92;2902,43
01/11/2006;-0,000100;0,000100;2906,32;2905,40;2903,91
03/11/2006;-0,000100;0,000100;2907,80;2906,88;2905,39
06/11/2006;-0,000100;0,000100;2909,28;2908,35;2906,87
07/11/2006;-0,000100;0,000100;2910,76;2909,84;2908,35
08/11/2006;-0,000100;0,000100;2912,24;2911,32;2909,83
09/11/2006;-0,000100;0,000100;2913,72;2912,81;2911,31
10/11/2006;-0,000100;0,000100;2915,21;2914,29;2912,80
13/11/2006;-0,000100;0,000100;2916,69;2915,77;2914,28
14/11/2006;-0,000100;0,000100;2918,17;2917,26;2915,76
16/11/2006;-0,000100;0,000100;2919,65;2918,74;2917,25
17/11/2006;-0,000100;0,000100;2921,14;2920,23;2918,73
20/11/2006;-0,000100;0,000100;2922,62;2921,71;2920,22
21/11/2006;-0,000100;0,000100;2924,11;2923,20;2921,70
22/11/2006;-0,000100;0,000100;2925,59;2924,69;2923,19
23/11/2006;-0,000100;0,000100;2927,08;2926,18;2924,68
24/11/2006;-0,000100;0,000100;2928,57;2927,67;2926,17
27/11/2006;-0,000100;0,000100;2930,05;2929,15;2927,66
28/11/2006;-0,000100;0,000100;2931,54;2930,64;2929,14
29/11/2006;-0,000100;0,000100;2933,03;2932,14;2930,64
30/11/2006;-0,000100;0,000100;2934,47;2933,58;2932,13
01/12/2006;-0,000100;0,000100;2935,92;2935,02;2933,57
04/12/2006;-0,000100;0,000100;2937,36;2936,47;2935,02
05/12/2006;-0,000100;0,000100;2938,80;2937,91;2936,46
06/12/2006;-0,000100;0,000100;2940,24;2939,36;2937,90
07/12/2006;-0,000100;0,000100;2941,69;2940,80;2939,35
08/12/2006;-0,000100;0,000100;2943,13;2942,25;2940,79
11/12/2006;-0,000100;0,000100;2944,57;2943,69;2942,24
12/12/2006;-0,000100;0,000100;2946,02;2945,14;2943,69
13/12/2006;-0,000100;0,000100;2947,47;2946,59;2945,13
14/12/2006;-0,000100;0,000100;2948,92;2948,04;2946,59
15/12/2006;-0,000100;0,000100;2950,37;2949,49;2948,04
18/12/2006;-0,000100;0,000100;2951,81;2950,94;2949,49
19/12/2006;-0,000100;0,000100;2953,27;2952,39;2950,94
20/12/2006;-0,000100;0,000100;2954,72;2953,85;2952,39
21/12/2006;-0,000100;0,000100;2956,17;2955,30;2953,84
22/12/2006;-0,000100;0,000100;2957,62;2956,76;2955,30
26/12/2006;-0,000100;0,000100;2959,07;2958,21;2956,75
27/12/2006;-0,000100;0,000100;2960,53;2959,67;2958,21
28/12/2006;-0,000100;0,000100;2963,44;2962,59;2959,66
02/01/2007;-0,000100;0,000100;2964,90;2964,04;2962,58
03/01/2007;-0,000100;0,000100;2966,35;2965,50;2964,03
04/01/2007;-0,000100;0,000100;2967,81;2966,96;2965,49
05/01/2007;-0,000100;0,000100;2969,26;2968,42;2966,95
08/01/2007;-0,000100;0,000100;2970,72;2969,88;2968,41
09/01/2007;-0,000100;0,000100;2972,19;2971,34;2969,87
10/01/2007;-0,000100;0,000100;2973,64;2972,80;2971,33
11/01/2007;-0,000100;0,000100;2975,11;2974,26;2972,80
12/01/2007;-0,000100;0,000100;2976,57;2975,73;2974,26
15/01/2007;-0,000100;0,000100;2978,03;2977,19;2975,72
16/01/2007;-0,000100;0,000100;2979,49;2978,66;2977,19
17/01/2007;-0,000100;0,000100;2980,96;2980,12;2978,65
18/01/2007;-0,000100;0,000100;2982,42;2981,59;2980,12
19/01/2007;-0,000100;0,000100;2983,89;2983,06;2981,58
22/01/2007;-0,000100;0,000100;2985,35;2984,53;2983,05
23/01/2007;-0,000100;0,000100;2986,82;2985,99;2984,52
24/01/2007;-0,000100;0,000100;2988,29;2987,47;2985,99
25/01/2007;-0,000100;0,000100;2989,73;2988,91;2987,46
26/01/2007;-0,000100;0,000100;2991,17;2990,35;2988,90
29/01/2007;-0,000100;0,000100;2992,61;2991,80;2990,35
30/01/2007;-0,000100;0,000100;2994,06;2993,24;2991,79
31/01/2007;-0,000100;0,000100;2995,50;2994,69;2993,23
01/02/2007;-0,000100;0,000100;2996,95;2996,13;2994,68
02/02/2007;-0,000100;0,000100;2998,39;2997,58;2996,13
05/02/2007;-0,000100;0,000100;2999,84;2999,03;2997,58
06/02/2007;-0,000100;0,000100;3001,28;3000,48;2999,02
07/02/2007;-0,000100;0,000100;3002,73;3001,93;3000,47
08/02/2007;-0,000100;0,000100;3004,18;3003,38;3001,92
09/02/2007;-0,000100;0,000100;3005,63;3004,83;3003,37
12/02/2007;-0,000100;0,000100;3007,08;3006,28;3004,82
13/02/2007;-0,000100;0,000100;3008,53;3007,73;3006,27
14/02/2007;-0,000100;0,000100;3009,98;3009,19;3007,72
15/02/2007;-0,000100;0,000100;3011,43;3010,64;3009,18
16/02/2007;-0,000100;0,000100;3012,88;3012,09;3010,63
21/02/2007;-0,000100;0,000100;3014,34;3013,55;3012,09
22/02/2007;-0,000100;0,000100;3015,79;3015,00;3013,54
23/02/2007;-0,000100;0,000100;3017,25;3016,46;3015,00
26/02/2007;-0,000100;0,000100;3018,70;3017,92;3016,46
27/02/2007;-0,000100;0,000100;3020,16;3019,38;3017,91
28/02/2007;-0,000100;0,000100;3021,61;3020,84;3019,37
01/03/2007;-0,000100;0,000100;3023,07;3022,30;3020,83
02/03/2007;-0,000100;0,000100;3024,53;3023,76;3022,29
05/03/2007;-0,000100;0,000100;3025,99;3025,22;3023,75
06/03/2007;-0,000100;0,000100;3027,45;3026,68;3025,21
07/03/2007;-0,000100;0,000100;3028,91;3028,14;3026,67
08/03/2007;-0,000100;0,000100;3030,34;3029,58;3028,13
09/03/2007;-0,000100;0,000100;3031,78;3031,02;3029,57
12/03/2007;-0,000100;0,000100;3033,21;3032,45;3031,01
13/03/2007;-0,000100;0,000100;3034,65;3033,89;3032,45
14/03/2007;-0,000100;0,000100;3036,09;3035,33;3033,89
15/03/2007;-0,000100;0,000100;3037,53;3036,77;3035,32
16/03/2007;-0,000100;0,000100;3038,96;3038,21;3036,76
19/03/2007;-0,000100;0,000100;3040,40;3039,65;3038,20
20/03/2007;-0,000100;0,000100;3041,84;3041,09;3039,64
21/03/2007;-0,000100;0,000100;3043,28;3042,54;3041,08
22/03/2007;-0,000100;0,000100;3044,72;3043,98;3042,53
23/03/2007;-0,000100;0,000100;3046,16;3045,42;3043,97
26/03/2007;-0,000100;0,000100;3047,61;3046,87;3045,42
27/03/2007;-0,000100;0,000100;3049,05;3048,31;3046,86
28/03/2007;-0,000100;0,000100;3050,49;3049,76;3048,30
29/03/2007;-0,000100;0,000100;3051,94;3051,20;3049,75
30/03/2007;-0,000100;0,000100;3053,38;3052,65;3051,19
02/04/2007;-0,000100;0,000100;3054,83;3054,10;3052,64
03/04/2007;-0,000100;0,000100;3056,28;3055,54;3054,09
04/04/2007;-0,000100;0,000100;3057,72;3057,00;3055,54
05/04/2007;-0,000100;0,000100;3059,17;3058,44;3056,99
09/04/2007;-0,000100;0,000100;3060,62;3059,90;3058,44
10/04/2007;-0,000100;0,000100;3062,07;3061,35;3059,89
11/04/2007;-0,000100;0,000100;3063,52;3062,80;3061,34
12/04/2007;-0,000100;0,000100;3064,97;3064,25;3062,79
13/04/2007;-0,000100;0,000100;3066,42;3065,70;3064,25
16/04/2007;-0,000100;0,000100;3067,87;3067,16;3065,70
17/04/2007;-0,000100;0,000100;3069,32;3068,61;3067,15
18/04/2007;-0,000100;0,000100;3070,78;3070,07;3068,61
19/04/2007;-0,000100;0,000100;3072,20;3071,50;3070,06
20/04/2007;-0,000100;0,000100;3073,63;3072,92;3071,49
23/04/2007;-0,000100;0,000100;3075,05;3074,36;3072,92
24/04/2007;-0,000100;0,000100;3076,48;3075,79;3074,35
25/04/2007;-0,000100;0,000100;3077,92;3077,22;3075,78
26/04/2007;-0,000100;0,000100;3079,34;3078,65;3077,21
27/04/2007;-0,000100;0,000100;3080,78;3080,08;3078,64
30/04/2007;-0,000100;0,000100;3082,21;3081,52;3080,08
02/05/2007;-0,000100;0,000100;3083,64;3082,95;3081,51
03/05/2007;-0,000100;0,000100;3085,07;3084,38;3082,94
04/05/2007;-0,000100;0,000100;3086,50;3085,82;3084,38
07/05/2007;-0,000100;0,000100;3087,94;3087,26;3085,81
08/05/2007;-0,000100;0,000100;3089,37;3088,70;3087,25
09/05/2007;-0,000100;0,000100;3090,81;3090,13;3088,69
10/05/2007;-0,000100;0,000100;3092,25;3091,57;3090,12
11/05/2007;-0,000100;0,000100;3093,68;3093,01;3091,56
14/05/2007;-0,000100;0,000100;3095,12;3094,45;3093,00
15/05/2007;-0,000100;0,000100;3096,56;3095,89;3094,44
16/05/2007;-0,000100;0,000100;3098,00;3097,33;3095,88
17/05/2007;-0,000100;0,000100;3099,44;3098,77;3097,32
18/05/2007;-0,000100;0,000100;3100,88;3100,21;3098,76
21/05/2007;-0,000100;0,000100;3102,32;3101,66;3100,21
22/05/2007;-0,000100;0,000100;3103,76;3103,10;3101,65
23/05/2007;-0,000100;0,000100;3105,20;3104,54;3103,09
24/05/2007;-0,000100;0,000100;3106,64;3105,99;3104,54
25/05/2007;-0,000100;0,000100;3108,09;3107,44;3105,98
28/05/2007;-0,000100;0,000100;3109,53;3108,88;3107,43
29/05/2007;-0,000100;0,000100;3110,97;3110,33;3108,87
30/05/2007;-0,000100;0,000100;3112,42;3111,78;3110,32
31/05/2007;-0,000100;0,000100;3113,87;3113,22;3111,77
01/06/2007;-0,000100;0,000100;3115,31;3114,67;3113,22
04/06/2007;-0,000100;0,000100;3116,76;3116,12;3114,67
05/06/2007;-0,000100;0,000100;3118,21;3117,57;3116,12
06/06/2007;-0,000100;0,000100;3119,66;3119,02;3117,57
08/06/2007;-0,000100;0,000100;3121,05;3120,42;3119,02
11/06/2007;-0,000100;0,000100;3122,45;3121,82;3120,41
12/06/2007;-0,000100;0,000100;3123,84;3123,22;3121,81
13/06/2007;-0,000100;0,000100;3125,24;3124,62;3123,21
14/06/2007;-0,000100;0,000100;3126,64;3126,01;3124,61
15/06/2007;-0,000100;0,000100;3128,03;3127,41;3126,01
18/06/2007;-0,000100;0,000000;3129,43;3129,12;3127,72
19/06/2007;-0,000100;0,000000;3130,83;3130,52;3129,12
20/06/2007;-0,000100;0,000000;3132,23;3131,92;3130,52
21/06/2007;-0,000100;0,000000;3133,63;3133,33;3131,92
22/06/2007;-0,000100;0,000000;3135,03;3134,73;3133,32
25/06/2007;-0,000100;0,000000;3136,43;3136,13;3134,72
26/06/2007;-0,000100;0,000000;3137,83;3137,53;3136,12
27/06/2007;-0,000100;0,000000;3139,24;3138,94;3137,52
28/06/2007;-0,000100;0,000000;3140,64;3140,34;3138,93
29/06/2007;-0,000100;0,000000;3142,04;3141,74;3140,33
02/07/2007;-0,000100;0,000000;3143,45;3143,15;3141,74
03/07/2007;-0,000100;0,000000;3144,85;3144,56;3143,14
04/07/2007;-0,000100;0,000000;3146,26;3145,96;3144,55
05/07/2007;-0,000100;0,000000;3147,66;3147,37;3145,95
06/07/2007;-0,000100;0,000000;3149,07;3148,78;3147,36
09/07/2007;-0,000100;0,000000;3150,48;3150,19;3148,77
10/07/2007;-0,000100;0,000000;3151,89;3151,60;3150,18
11/07/2007;-0,000100;0,000000;3153,30;3153,01;3151,59
12/07/2007;-0,000100;0,000000;3154,70;3154,42;3153,00
13/07/2007;-0,000100;0,000000;3156,11;3155,83;3154,41
16/07/2007;-0,000100;0,000000;3157,52;3157,24;3155,82
17/07/2007;-0,000100;0,000000;3158,94;3158,65;3157,23
18/07/2007;-0,000100;0,000000;3160,35;3160,06;3158,64
19/07/2007;-0,000100;0,000000;3161,70;3161,42;3160,06
20/07/2007;-0,000100;0,000000;3163,06;3162,78;3161,41
23/07/2007;-0,000100;0,000000;3164,42;3164,14;3162,77
24/07/2007;-0,000100;0,000000;3165,78;3165,50;3164,13
25/07/2007;-0,000100;0,000000;3167,14;3166,86;3165,49
26/07/2007;-0,000100;0,000000;3168,49;3168,22;3166,85
27/07/2007;-0,000100;0,000000;3169,85;3169,58;3168,21
30/07/2007;-0,000100;0,000000;3171,21;3170,94;3169,57
31/07/2007;-0,000100;0,000000;3172,58;3172,30;3170,93
01/08/2007;-0,000100;0,000000;3173,94;3173,66;3172,29
02/08/2007;-0,000100;0,000000;3175,30;3175,03;3173,66
03/08/2007;-0,000100;0,000000;3176,66;3176,39;3175,02
06/08/2007;-0,000100;0,000000;3178,02;3177,76;3176,38
07/08/2007;-0,000100;0,000000;3179,39;3179,12;3177,75
08/08/2007;-0,000100;0,000000;3180,75;3180,49;3179,11
09/08/2007;-0,000100;0,000000;3182,12;3181,85;3180,48
10/08/2007;-0,000100;0,000000;3183,48;3183,22;3181,85
13/08/2007;-0,000100;0,000000;3184,85;3184,59;3183,21
14/08/2007;-0,000100;0,000000;3186,22;3185,95;3184,58
15/08/2007;-0,000100;0,000000;3187,58;3187,32;3185,95
16/08/2007;-0,000100;0,000000;3188,95;3188,69;3187,32
17/08/2007;-0,000100;0,000000;3190,32;3190,06;3188,68
20/08/2007;-0,000100;0,000000;3191,69;3191,43;3190,05
21/08/2007;-0,000100;0,000000;3193,06;3192,80;3191,42
22/08/2007;-0,000100;0,000000;3194,43;3194,17;3192,80
23/08/2007;-0,000100;0,000000;3195,80;3195,55;3194,17
24/08/2007;-0,000100;0,000000;3197,17;3196,92;3195,54
27/08/2007;-0,000100;0,000000;3198,54;3198,29;3196,91
28/08/2007;-0,000100;0,000000;3199,92;3199,67;3198,28
29/08/2007;-0,000100;0,000000;3201,29;3201,04;3199,66
30/08/2007;-0,000100;0,000000;3202,66;3202,42;3201,03
31/08/2007;-0,000100;0,000000;3204,04;3203,79;3202,41
03/09/2007;-0,000100;0,000000;3205,41;3205,17;3203,78
04/09/2007;-0,000100;0,000000;3206,79;3206,54;3205,16
05/09/2007;-0,000100;0,000000;3208,17;3207,92;3206,54
06/09/2007;-0,000100;0,000000;3209,51;3209,27;3207,91
10/09/2007;-0,000100;0,000000;3210,86;3210,62;3209,26
11/09/2007;-0,000100;0,000000;3212,21;3211,97;3210,61
12/09/2007;-0,000100;0,000000;3213,56;3213,32;3211,96
13/09/2007;-0,000100;0,000000;3214,91;3214,67;3213,32
14/09/2007;-0,000100;0,000000;3216,26;3216,03;3214,67
17/09/2007;-0,000100;0,000000;3217,61;3217,38;3216,02
18/09/2007;-0,000100;0,000000;3218,97;3218,73;3217,37
19/09/2007;-0,000100;0,000000;3220,32;3220,09;3218,73
20/09/2007;-0,000100;0,000000;3221,67;3221,44;3220,08
21/09/2007;-0,000100;0,000000;3223,03;3222,80;3221,43
24/09/2007;-0,000100;0,000000;3224,38;3224,15;3222,79
25/09/2007;-0,000100;0,000000;3225,74;3225,51;3224,14
26/09/2007;-0,000100;0,000000;3227,09;3226,87;3225,50
27/09/2007;-0,000100;0,000000;3228,45;3228,22;3226,86
28/09/2007;-0,000100;0,000000;3229,80;3229,58;3228,22
01/10/2007;-0,000100;0,000000;3231,16;3230,94;3229,57
02/10/2007;-0,000100;0,000000;3232,52;3232,30;3230,93
03/10/2007;-0,000100;0,000000;3233,88;3233,66;3232,29
04/10/2007;-0,000100;0,000000;3235,24;3235,02;3233,65
05/10/2007;-0,000100;0,000000;3236,60;3236,38;3235,01
08/10/2007;-0,000100;0,000000;3237,96;3237,74;3236,37
09/10/2007;-0,000100;0,000000;3239,32;3239,10;3237,73
10/10/2007;-0,000100;0,000000;3240,68;3240,47;3239,09
11/10/2007;-0,000100;0,000000;3242,04;3241,83;3240,46
15/10/2007;-0,000200;0,000000;3243,62;3243,19;3241,82
16/10/2007;-0,000200;0,000000;3244,98;3244,56;3243,18
17/10/2007;-0,000200;0,000000;3246,34;3245,92;3244,55
18/10/2007;-0,000200;0,000000;3247,71;3247,29;3245,91
19/10/2007;-0,000200;0,000000;3249,07;3248,65;3247,28
22/10/2007;-0,000200;0,000000;3250,43;3250,02;3248,64
23/10/2007;-0,000200;0,000000;3251,80;3251,39;3250,01
24/10/2007;-0,000200;0,000000;3253,16;3252,75;3251,38
25/10/2007;-0,000200;0,000000;3254,53;3254,12;3252,75
26/10/2007;-0,000200;0,000000;3255,89;3255,49;3254,11
29/10/2007;-0,000200;0,000000;3257,26;3256,86;3255,48
30/10/2007;-0,000200;0,000000;3258,63;3258,23;3256,85
31/10/2007;-0,000200;0,000000;3260,00;3259,60;3258,22
01/11/2007;-0,000200;0,000000;3261,37;3260,97;3259,59
05/11/2007;-0,000200;0,000000;3262,73;3262,34;3260,96
06/11/2007;-0,000200;0,000000;3264,10;3263,71;3262,33
07/11/2007;-0,000200;0,000000;3265,48;3265,09;3263,71
08/11/2007;-0,000200;0,000000;3266,85;3266,46;3265,08
09/11/2007;-0,000200;0,000000;3268,22;3267,84;3266,45
12/11/2007;-0,000200;0,000000;3269,59;3269,21;3267,83
13/11/2007;-0,000200;0,000000;3270,96;3270,59;3269,20
14/11/2007;-0,000200;0,000000;3272,34;3271,96;3270,58
16/11/2007;-0,000200;0,000000;3273,71;3273,34;3271,95
19/11/2007;-0,000200;0,000000;3275,08;3274,71;3273,33
20/11/2007;-0,000200;0,000000;3276,46;3276,09;3274,71
21/11/2007;-0,000200;0,000000;3277,83;3277,47;3276,08
22/11/2007;-0,000200;0,000000;3279,21;3278,85;3277,46
23/11/2007;-0,000200;0,000000;3280,59;3280,23;3278,84
26/11/2007;-0,000200;0,000000;3281,97;3281,61;3280,22
27/11/2007;-0,000200;0,000000;3283,34;3282,99;3281,60
28/11/2007;-0,000200;0,000000;3284,72;3284,37;3282,98
29/11/2007;-0,000200;0,000000;3286,10;3285,75;3284,36
30/11/2007;-0,000200;0,000000;3287,48;3287,13;3285,74
03/12/2007;-0,000200;0,000000;3288,86;3288,52;3287,12
04/12/2007;-0,000200;0,000000;3290,24;3289,90;3288,51
05/12/2007;-0,000200;0,000000;3291,62;3291,28;3289,89
06/12/2007;-0,000200;0,000000;3293,01;3292,67;3291,27
07/12/2007;-0,000200;0,000000;3294,39;3294,05;3292,66
10/12/2007;-0,000200;0,000000;3295,77;3295,44;3294,04
11/12/2007;-0,000200;0,000000;3297,15;3296,82;3295,43
12/12/2007;-0,000200;0,000000;3298,54;3298,21;3296,82
13/12/2007;-0,000200;0,000000;3299,92;3299,60;3298,20
14/12/2007;-0,000200;0,000000;3301,31;3300,99;3299,59
17/12/2007;-0,000200;0,000000;3302,70;3302,37;3300,98
18/12/2007;-0,000200;0,000000;3304,08;3303,76;3302,37
19/12/2007;-0,000200;0,000000;3305,47;3305,15;3303,76
20/12/2007;-0,000200;0,000000;3306,86;3306,54;3305,15
21/12/2007;-0,000200;0,000000;3309,64;3309,33;3306,54
24/12/2007;-0,000200;0,000000;3309,64;3309,33;3306,54
26/12/2007;-0,000200;0,000000;3311,02;3310,72;3309,32
27/12/2007;-0,000200;0,000000;3312,42;3312,11;3310,71
28/12/2007;-0,000200;0,000000;3313,80;3313,50;3312,10
31/12/2007;-0,000200;0,000000;3313,80;3313,50;3312,10
02/01/2008;-0,000200;0,000000;3316,59;3316,29;3314,89
03/01/2008;-0,000200;0,000000;3317,98;3317,69;3316,28
04/01/2008;-0,000200;0,000000;3319,38;3319,08;3317,68
07/01/2008;-0,000200;0,000000;3320,77;3320,48;3319,07
08/01/2008;-0,000300;0,000000;3322,30;3321,87;3320,47
09/01/2008;-0,000300;0,000000;3323,70;3323,27;3321,87
10/01/2008;-0,000400;0,000000;3325,23;3324,67;3323,26
11/01/2008;-0,000400;0,000000;3326,63;3326,07;3324,66
14/01/2008;-0,000400;0,000000;3328,02;3327,47;3326,06
15/01/2008;-0,000400;0,000000;3329,42;3328,87;3327,46
16/01/2008;-0,000400;0,000000;3330,81;3330,27;3328,86
17/01/2008;-0,000500;0,000000;3332,34;3331,67;3330,26
18/01/2008;-0,000500;0,000000;3333,74;3333,07;3331,66
21/01/2008;-0,000500;0,000000;3335,13;3334,47;3333,06
22/01/2008;-0,000500;0,000000;3336,53;3335,87;3334,46
23/01/2008;-0,000500;0,000000;3337,92;3337,28;3335,86
24/01/2008;-0,000600;0,000000;3339,45;3338,68;3337,27
25/01/2008;-0,000600;0,000000;3340,84;3340,08;3338,67
28/01/2008;-0,000600;0,000000;3342,24;3341,49;3340,07
29/01/2008;-0,000500;-0,000400;3343,52;3343,39;3341,98
30/01/2008;-0,000500;-0,000400;3344,91;3344,79;3343,38
31/01/2008;-0,000500;-0,000400;3346,32;3346,19;3344,78
01/02/2008;-0,000500;-0,000400;3347,72;3347,60;3346,19
06/02/2008;-0,000500;-0,000400;3349,12;3349,00;3347,59
07/02/2008;-0,000500;-0,000400;3350,52;3350,40;3348,99
08/02/2008;-0,000500;-0,000400;3351,92;3351,81;3350,39
11/02/2008;-0,000500;-0,000400;3353,33;3353,21;3351,80
12/02/2008;-0,000500;-0,000400;3354,73;3354,62;3353,20
13/02/2008;-0,000500;-0,000400;3356,13;3356,02;3354,61
14/02/2008;-0,000500;-0,000400;3357,54;3357,43;3356,01
15/02/2008;-0,000500;-0,000400;3358,94;3358,83;3357,42
18/02/2008;-0,000500;-0,000400;3360,35;3360,24;3358,82
19/02/2008;-0,000600;-0,000500;3361,86;3361,76;3360,34
20/02/2008;-0,000600;-0,000500;3363,27;3363,16;3361,75
21/02/2008;-0,000600;-0,000500;3364,68;3364,57;3363,16
22/02/2008;-0,000600;-0,000500;3366,08;3365,98;3364,56
25/02/2008;-0,000600;-0,000500;3367,49;3367,39;3365,97
26/02/2008;-0,000600;-0,000500;3368,90;3368,80;3367,38
27/02/2008;-0,000600;-0,000500;3370,31;3370,21;3368,79
28/02/2008;-0,000600;-0,000500;3371,72;3371,62;3370,20
29/02/2008;-0,000600;-0,000500;3373,13;3373,03;3371,61
03/03/2008;-0,000600;-0,000500;3374,54;3374,44;3373,02
04/03/2008;-0,000600;-0,000500;3375,96;3375,86;3374,44
05/03/2008;-0,000600;-0,000500;3377,36;3377,27;3375,85
06/03/2008;-0,000600;-0,000500;3378,78;3378,68;3377,26
07/03/2008;-0,000600;-0,000500;3380,19;3380,10;3378,67
10/03/2008;-0,000600;-0,000500;3381,60;3381,51;3380,09
11/03/2008;-0,000600;-0,000500;3383,02;3382,93;3381,50
12/03/2008;-0,000600;-0,000500;3384,43;3384,35;3382,92
13/03/2008;-0,000600;-0,000500;3385,85;3385,76;3384,34
14/03/2008;-0,000600;-0,000500;3387,27;3387,18;3385,76
17/03/2008;-0,000600;-0,000500;3388,68;3388,60;3387,17
18/03/2008;-0,000600;-0,000500;3390,10;3390,02;3388,59
19/03/2008;-0,000600;-0,000500;3391,52;3391,44;3390,01
20/03/2008;-0,000600;-0,000500;3392,93;3392,86;3391,43
24/03/2008;-0,000700;-0,000600;3394,43;3394,36;3392,93
25/03/2008;-0,000700;-0,000600;3395,85;3395,77;3394,35
26/03/2008;-0,000700;-0,000600;3397,27;3397,19;3395,76
27/03/2008;-0,000700;-0,000600;3398,69;3398,62;3397,19
28/03/2008;-0,000700;-0,000600;3400,11;3400,04;3398,61
31/03/2008;-0,000700;-0,000600;3401,53;3401,46;3400,03
01/04/2008;-0,000700;-0,000600;3402,95;3402,88;3401,45
02/04/2008;-0,000700;-0,000600;3404,37;3404,30;3402,87
03/04/2008;-0,000700;-0,000600;3405,79;3405,72;3404,29
04/04/2008;-0,000700;-0,000600;3407,21;3407,15;3405,72
07/04/2008;-0,000700;-0,000600;3408,64;3408,57;3407,14
08/04/2008;-0,000700;-0,000600;3410,06;3410,00;3408,56
09/04/2008;-0,000700;-0,000600;3411,49;3411,42;3409,99
10/04/2008;-0,000700;-0,000600;3412,91;3412,85;3411,42
11/04/2008;-0,000700;-0,000600;3414,34;3414,28;3412,84
14/04/2008;-0,000700;-0,000600;3415,77;3415,71;3414,27
15/04/2008;-0,000700;-0,000600;3417,19;3417,14;3415,70
16/04/2008;-0,000700;-0,000600;3418,62;3418,56;3417,13
17/04/2008;-0,000700;-0,000600;3420,11;3420,06;3418,56
18/04/2008;-0,000700;-0,000600;3421,60;3421,55;3420,05
22/04/2008;-0,000700;-0,000600;3423,09;3423,04;3421,53
23/04/2008;-0,000700;-0,000600;3424,57;3424,52;3423,02
24/04/2008;-0,000700;-0,000600;3426,06;3426,01;3424,51
25/04/2008;-0,000700;-0,000600;3427,55;3427,50;3425,99
28/04/2008;-0,000700;-0,000600;3429,03;3428,98;3427,48
29/04/2008;-0,000700;-0,000600;3430,51;3430,47;3428,96
30/04/2008;-0,000700;-0,000600;3432,00;3431,96;3430,45
02/05/2008;-0,000700;-0,000600;3433,49;3433,44;3431,94
05/05/2008;-0,000700;-0,000600;3434,98;3434,93;3433,43
06/05/2008;-0,000700;-0,000600;3436,46;3436,42;3434,92
07/05/2008;-0,000700;-0,000600;3437,95;3437,91;3436,41
08/05/2008;-0,000700;-0,000600;3439,44;3439,40;3437,90
09/05/2008;-0,000700;-0,000600;3440,93;3440,89;3439,39
12/05/2008;-0,000700;-0,000600;3442,42;3442,39;3440,88
13/05/2008;-0,000700;-0,000600;3443,91;3443,88;3442,37
14/05/2008;-0,000700;-0,000600;3445,40;3445,37;3443,86
15/05/2008;-0,000700;-0,000600;3446,90;3446,87;3445,36
16/05/2008;-0,000700;-0,000600;3448,40;3448,37;3446,86
19/05/2008;-0,000700;-0,000600;3449,89;3449,86;3448,35
20/05/2008;-0,000700;-0,000600;3451,39;3451,37;3449,85
21/05/2008;-0,000700;-0,000600;3452,89;3452,86;3451,35
23/05/2008;-0,000700;-0,000600;3454,39;3454,37;3452,85
26/05/2008;-0,000700;-0,000600;3455,89;3455,87;3454,35
27/05/2008;-0,000700;-0,000600;3457,39;3457,37;3455,86
28/05/2008;-0,000700;-0,000600;3458,89;3458,87;3457,36
29/05/2008;-0,000700;-0,000600;3460,39;3460,37;3458,86
30/05/2008;-0,000700;-0,000600;3461,90;3461,88;3460,36
02/06/2008;-0,000700;-0,000600;3463,40;3463,39;3461,87
03/06/2008;-0,000700;-0,000600;3464,90;3464,89;3463,37
04/06/2008;-0,000700;-0,000600;3466,41;3466,40;3464,88
05/06/2008;-0,000700;-0,000600;3467,98;3467,97;3466,38
06/06/2008;-0,000700;-0,000600;3469,54;3469,53;3467,95
09/06/2008;-0,000700;-0,000600;3471,11;3471,10;3469,52
10/06/2008;-0,000700;-0,000600;3472,68;3472,67;3471,09
11/06/2008;-0,000700;-0,000600;3474,25;3474,25;3472,66
12/06/2008;-0,000700;-0,000600;3475,83;3475,82;3474,24
13/06/2008;-0,000700;-0,000600;3477,40;3477,40;3475,81
16/06/2008;-0,000700;-0,000600;3478,98;3478,98;3477,39
